repo_id,subscriber_name,subscriber_id
196334,haberman,1270
196334,eric-zhou,1322233
196334,wayee,493047
196334,guevara,228309
196334,fantasy-fan,1052764
196334,jiguorui,1280055
196334,icespider,1039976
196334,mzc,604461
196334,ubunatic,532284
196334,yongs207,1433309
196334,keiw,1158501
196334,AdamGracery,436690
196334,jiangr,683556
196334,zivhan,4269639
196334,andyhu-hz,1468963
196334,robbinfan,1027020
196334,hepengfei,2051224
196334,Phuehvk,1762030
196334,xyubuntu,1257646
196334,geniuslinchao,1555953
196334,dyu,79355
196334,sirithink,1177474
196334,neochang,1317778
196334,senseb,446326
196334,waltmiao,1249814
196334,Yuhang,1201124
196334,codeck,1709667
196334,slb1988,1139777
196334,jiripospisil,20820
196334,jpippy,3783465
1936771,zakspottah,1400758
1936771,cgruber,331234
1936771,hagbard,867170
1936771,lowasser,544569
1936771,kluever,2036304
1936771,kevinb9n,934551
1936771,deadmoose,132437
1936771,manolovn,944814
1936771,le-doude,1488081
1936771,stigkj,14671
1936771,qweek,1772607
1936771,SuriyaaKudoIsc,5073946
1936771,erikxperiel,8332795
1936771,adzynia,998354
1936771,PhilippWendler,2545335
1936771,cpovirk,1703908
1936771,JakeWharton,66577
1936771,agnaldo4j,22855
1936771,rtack,5379
1936771,mcero,80708
1936771,cgdecker,101568
1936771,gissuebot,8091570
1936771,weems74,3537468
1936771,guillaumemaka,1392570
1936771,mathanv,7485170
1936771,otw,157014
1936771,epy0n0ff,1400122
1936771,jossag,2262534
1936771,innovimax,215795
1936771,sjeandeaux,8013645
3248507,sqrrrl,346343
3248507,dklimkin,854377
3248507,banknaraknaja,7043558
3248507,SuriyaaKudoIsc,5073946
3248507,billhibazzz,6156069
3248507,brandieraquel,25163503
3248507,jhcloos,841039
3248507,eemailme,32309979
3248529,sporkmonger,1778
3248529,jameswei,2340634
3248529,Takashi-U,1009355
3248529,sqrrrl,346343
3248529,Root-nix,1261606
3248529,daydreamman,4936131
3248529,SuriyaaKudoIsc,5073946
3248529,gambaroff,4764280
3248529,yufei,77258
3248529,MattJonesKSR,16617333
3248529,mpcm,517165
3248529,REAP720801,599912
3248529,sshreibati,315044
3248529,mcloonan,5980822
3248529,khalidspace,4429383
3248529,jhcloos,841039
3248529,eemailme,32309979
3248529,dazuma,8911
3248529,chingor13,32483
3248529,TheRoyalTnetennba,5883769
3248529,JustinBeckwith,534619
3248529,quartzmo,205445
3248531,dklimkin,854377
3248531,Andymalik,2180291
3248531,SuriyaaKudoIsc,5073946
3248531,roel666,8829117
3248531,netconstructor,370161
3248531,victory2015,8693379
3248531,ajayputti,8693387
3248531,mlsquires,86034
3248531,billhibazzz,6156069
3248531,vpuzzella,24885
3248531,mnpoonia,2107766
3248531,yufei,77258
3248531,nickbryantconsulting,16784003
3248531,BILLzzz,5049510
3248531,jhcloos,841039
3248531,eemailme,32309979
3276484,sqrrrl,346343
3276484,vova,130542
3276484,jhcloos,841039
3276484,eemailme,32309979
3277842,sqrrrl,346343
3277842,seventhsense,1669514
3277842,linwenchao,14791
3277842,mistergibson,174752
3277842,fletcherm,147532
3277842,kenclarktaylor,4742488
3277842,erwin16,11973
3277842,alvas,826874
3277842,NARKOZ,253398
3277842,SuzukiMasashi,1916477
3277842,ericisaiah,751027
3277842,LibertysYarn,3526583
3277842,sufyanadam,1106558
3277842,mcraveiro,180654
3277842,chen-wang,6642281
3277842,copernicus,447707
3277842,dandrews,412495
3277842,muhaha3,1909789
3277842,eniskonuk,1591427
3277842,statwonk,1160090
3277842,nimpo,624463
3277842,samarthasthana,3836631
3277842,ericodc,131476
3277842,nilsbert,3332709
3277842,woodie,17495
3277842,vinchu,239469
3277842,zimana,7493809
3277842,SuriyaaKudoIsc,5073946
3277842,seuros,2394703
3277842,eshaam,911472
3975462,benvanik,75337
3975462,vschlecht,56791
3975462,seanlanefuller,4021570
3975462,rsturgell,851146
3975462,bzz,5582506
3975462,Robinvane,7220649
3975462,SuriyaaKudoIsc,5073946
3975462,adzynia,998354
3975462,robbinfan,1027020
3975462,ARoiD,349828
3975462,billhibazzz,6156069
3975462,yufei,77258
3975462,jhcloos,841039
3975462,eemailme,32309979
3975462,buhijs,483391
5072378,kuccello,17524
5072378,hugocastalleda,1196706
5072378,JSansalone,1831367
5072378,muyi,1481142
5072378,watershao,4352914
5072378,minhpt,305672
5072378,wsyandy,4949955
5072378,ShampooWoo,4803135
5072378,smitzey,2136801
5072378,flashlib,1942394
5072378,chamroeunbm,2074857
5072378,SuriyaaKudoIsc,5073946
5072378,fuzhaohui200,1201539
5072378,xiaomaguoguo,1886738
5072378,DLCohen,373664
5072378,jbaginski,201855
5072378,life02,2569029
5072378,Wyvan,1291678
5072378,zhaochuanxing,10395754
5072378,billhibazzz,6156069
5072378,dkuspawono,16728082
5072378,BILLzzz,5049510
5072378,pleasurefish,9583663
5072378,Morsiesml,10477616
5072378,stoleruedgar,3204822
5072378,BJMJS,17928708
5072378,jhcloos,841039
5072378,MatteoSomensi,28132386
5072378,eemailme,32309979
5072378,sayyidsh,1301679
5511393,cdibona,165353
5511393,johnjbarton,205570
5511393,ask5,81246
5511393,SuriyaaKudoIsc,5073946
5511393,billhibazzz,6156069
5511393,jhcloos,841039
5511393,eemailme,32309979
5753459,igrigorik,10652
5753459,cdibona,165353
5753459,brendankenny,316891
5753459,kangaroo5383,34344
5753459,ivan,4458
5753459,SuriyaaKudoIsc,5073946
5753459,Mandar-Shinde,507660
5753459,billhibazzz,6156069
5753459,qicny,3753636
5753459,jhcloos,841039
5753459,eemailme,32309979
5753483,cdibona,165353
5753483,johnjbarton,205570
5753483,syoichi,69238
5753483,curcio,916701
5753483,peterwmwong,284734
5753483,SuriyaaKudoIsc,5073946
5753483,acazacu,2285684
5753483,yufei,77258
5753483,billhibazzz,6156069
5753483,martin737,24514226
5753483,jhcloos,841039
5753483,eemailme,32309979
5815969,igrigorik,10652
5815969,cdibona,165353
5815969,gratuxri,1525579
5815969,SuriyaaKudoIsc,5073946
5815969,billhibazzz,6156069
5815969,jhcloos,841039
5815969,eemailme,32309979
5844236,igrigorik,10652
5844236,cdibona,165353
5844236,cnhup,2031173
5844236,dominichamon,510002
5844236,mozukichi,1132783
5844236,Enyruas,3353847
5844236,SuriyaaKudoIsc,5073946
5844236,sladage,4071431
5844236,xlvcst,4220297
5844236,zoechi,405837
5844236,loverszhaokai,2187242
5844236,hardboydu,4214337
5844236,billhibazzz,6156069
5844236,rwebber,387851
5844236,jhcloos,841039
5844236,eemailme,32309979
5844236,zhuge,4089063
5844236,666marat666,3587993
5844236,gamelaster,1665373
6093488,cdibona,165353
6093488,cramforce,89679
6093488,johnfargo,1959075
6093488,grazanaut,598333
6093488,maxogden,39759
6093488,ruidlopes,154491
6093488,KnisterPeter,327445
6093488,3610cn,543130
6093488,medikoo,122434
6093488,gitile,1291829
6093488,pixelhandler,17178
6093488,bluewhalelabs,45898
6093488,christiantakle,684866
6093488,wescarr,69679
6093488,v0lkan,1041224
6093488,eamodeorubio,392574
6093488,dukejeffrie,688490
6093488,lmignot,372523
6093488,gmarty,333865
6093488,dgoutam,827654
6093488,ttrenka,76838
6093488,ptzagk,66448
6093488,cpyo,4009878
6093488,Pavek,1817081
6093488,kroska,720471
6093488,crossproduct,243318
6093488,renemeza,1281400
6093488,ANGERofWaR,5151279
6093488,AlexMercerJ,5145475
6093488,dconnolly,552961
6461354,igrigorik,10652
6461354,cdibona,165353
6461354,jyasskin,83420
6461354,chandlerc,711534
6461354,glynos,125010
6461354,tiroxis,206898
6461354,geoffpike,5561311
6461354,tbfly,27765
6461354,nyilwin,7040047
6461354,mosra,344828
6461354,tkoeppe,6378233
6461354,mavam,53797
6461354,BillyGoto,7435068
6461354,billhibazzz,6156069
6461354,yufei,77258
6461354,ElAleyo,1306920
6461354,ahnan4arch,1407588
6461354,evelinad,1549552
6461354,iamrly,8341687
6461354,jhcloos,841039
6461354,eemailme,32309979
6461358,igrigorik,10652
6461358,cdibona,165353
6461358,jyasskin,83420
6461358,chandlerc,711534
6461358,jiangzhihui,1174222
6461358,onurturhan,5078891
6461358,SuriyaaKudoIsc,5073946
6461358,loverszhaokai,2187242
6461358,hardboydu,4214337
6461358,asdlei00,3365510
6461358,billhibazzz,6156069
6461358,dronadroid,13064237
6461358,jhcloos,841039
6461358,eemailme,32309979
6461369,igrigorik,10652
6461369,cdibona,165353
6461369,jyasskin,83420
6461369,chandlerc,711534
6461369,leverly,1281484
6461369,neesenk,479152
6461369,moohnam,1660219
6461369,kakagapo,429159
6461369,wjcsharp,1591099
6461369,jbemmz,1490484
6461369,SuriyaaKudoIsc,5073946
6461369,hardboydu,4214337
6461369,yufei,77258
6461369,asdlei00,3365510
6461369,BaseLib,6269054
6461369,billhibazzz,6156069
6461369,jhcloos,841039
6461369,eemailme,32309979
6461369,nikolay,2882
6461369,pangxianping,23189274
6461369,dapao1988,5895953
6601918,cdibona,165353
6601918,benvanik,75337
6601918,rsturgell,851146
6601918,manurautela,1333906
6601918,gmarty,333865
6601918,maurerj,2839259
6601918,th3hunt,762120
6601918,kumarishan,311461
6601918,franckuser16,588485
6601918,juneym,602912
6601918,ddm,55186
6601918,cpyo,4009878
6601918,catIllidan,1388626
6601918,chihuahua,4221553
6601918,shijinkui,648508
6601918,netconstructor,370161
6601918,christiantakle,684866
6601918,zzdoo,507664
6601918,billzhuang,1491453
6601918,cloudtrends,2282880
6601918,rbirkby,203034
6601918,guweigang,178500
6601918,soarpenguin,685254
6601918,slacker525600,4350075
6601918,andreydelpozo2,954550
6601918,elfrank,230761
6601918,dynamicguy,80693
6601918,balduran,54343
6601918,bradjonesca,59800
6601918,hedongjie,846190
6694773,cdibona,165353
6694773,amartins,147265
6694773,aww-goog,2776327
6694773,faithfull,2853384
6694773,manurautela,1333906
6694773,unlimitedsolidarity,1037141
6694773,sfoolish,976412
6694773,rogers0,422277
6694773,marlboromoo,77035
6694773,tristanfisher,574868
6694773,Lawri-van-Buel,4235191
6694773,jtrag,384344
6694773,SuriyaaKudoIsc,5073946
6694773,mwiora,2744285
6694773,niklasberglund,331986
6694773,dupuy,33216
6694773,mafrosis,243851
6694773,BugDave,400755
6694773,ryantig,324810
6694773,olavimmanuel,211618
6694773,peeboo,12977894
6694773,GreyAsteroid,4615298
6694773,tst2005,1117821
6694773,Ryuuga,1464032
6694773,netMazy,4242931
6694773,yufei,77258
6694773,nimbosa,3531340
6694773,dgonzals,7167376
6694773,beermix,6811542
6694773,elepfontius,3835790
7411412,igrigorik,10652
7411412,cdibona,165353
7411412,johnjbarton,205570
7411412,curcio,916701
7411412,syoichi,69238
7411412,sroussey,127349
7411412,jbinkleyj,2664120
7411412,jbemmz,1490484
7411412,SuriyaaKudoIsc,5073946
7411412,mcanthony,1610158
7411412,mdnt2mdnt,9699720
7411412,Austin503,417989
7411412,billhibazzz,6156069
7411412,bernovikes,3377835
7411412,jhcloos,841039
7411412,eemailme,32309979
7411424,igrigorik,10652
7411424,cdibona,165353
7411424,johnjbarton,205570
7411424,billhibazzz,6156069
7411424,jhcloos,841039
7411424,eemailme,32309979
7411426,igrigorik,10652
7411426,cdibona,165353
7411426,johnjbarton,205570
7411426,curcio,916701
7411426,syoichi,69238
7411426,utsavized,1020705
7411426,SuriyaaKudoIsc,5073946
7411426,jhcloos,841039
7411426,eemailme,32309979
7411430,cdibona,165353
7411430,johnjbarton,205570
7411430,SuriyaaKudoIsc,5073946
7411430,mac11178,2155187
7411430,roadlabs,355982
7411430,billhibazzz,6156069
7411430,jhcloos,841039
7411430,eemailme,32309979
7697149,sethladd,5479
7697149,cdibona,165353
7697149,amouravski,264967
7697149,terrylucas,2055873
7697149,zoechi,405837
7697149,sigmundch,2049220
7697149,SuriyaaKudoIsc,5073946
7697149,rayk,349890
7697149,billhibazzz,6156069
7697149,jhcloos,841039
7697149,eemailme,32309979
7776515,igrigorik,10652
7776515,cdibona,165353
7776515,deanberris,839088
7776515,anton-potapov,1277847
7776515,junwucs,1687552
7776515,leverly,1281484
7776515,splade,1917344
7776515,brkde,1388423
7776515,anton-nikan,593183
7776515,jmp0xf,2247932
7776515,moohnam,1660219
7776515,jiangzhihui,1174222
7776515,reizencroft,1773477
7776515,ailyasov,2203850
7776515,dingboran,5305172
7776515,poopster,6485494
7776515,zhangwenzhuo,536887
7776515,SuriyaaKudoIsc,5073946
7776515,paulcn,2604178
7776515,qcheng2k,9291427
7776515,johnvuong20000,8990687
7776515,vladbukin,1452017
7776515,cometdlut,1230727
7776515,wxthon,4869638
7776515,magiclogy-,8944162
7776515,loverszhaokai,2187242
7776515,u20024804,47252
7776515,jiangwenhan,1954428
7776515,xlvcst,4220297
7776515,wpbest,817567
7968417,cdibona,165353
7968417,cgruber,331234
7968417,tbroyer,173813
7968417,kluever,2036304
7968417,dharanikumar,5081604
7968417,leeqj,2545218
7968417,JakeWharton,66577
7968417,carluccyo,812186
7968417,asoon,2187413
7968417,wdsgyj,2893088
7968417,qweek,1772607
7968417,tRexCheng,1018411
7968417,niqo01,1121251
7968417,vsouhrada,3176635
7968417,rgilles,449437
7968417,tomrozb,4646706
7968417,wokier,378157
7968417,scottdukes,456555
7968417,tsandor,3214841
7968417,radzio,469111
7968417,talios,19093
7968417,ranjith068,5361811
7968417,renam,1470447
7968417,eyeahs,5310797
7968417,Mur4ik,204883
7968417,yorickMaziere,1069460
7968417,jxljf,3088741
7968417,joshpavlovich,923509
7968417,Ericliu001,3691022
7968417,virsms,899905
8165161,cdibona,165353
8165161,zwri,3577447
8165161,andydavies,427052
8165161,iamarno,4417963
8165161,bradjonesca,59800
8165161,DaiYamatta,1003352
8165161,improper4,2082493
8165161,chriswrightdesign,2281833
8165161,tromex,1957742
8165161,mephist,195437
8165161,honne,1476103
8165161,yanjunz,681170
8165161,anselmo,5846
8165161,droplab,201657
8165161,rackliu,5450276
8165161,yamadatomonori,795325
8165161,the1sky,165940
8165161,lukus,285553
8165161,dbeuning,781859
8165161,jonlow,696226
8165161,lyfei022,2977462
8165161,wayneparrott,5588978
8165161,rajeevroushan,1875792
8165161,jakschu,1179537
8165161,learningjs,1015189
8165161,snow8261,107969
8165161,RootMale,1263239
8165161,xonico,18350
8165161,rand99,460223
8165161,tbfly,27765
8459994,igrigorik,10652
8459994,cdibona,165353
8459994,splarky,3343543
8459994,SuriyaaKudoIsc,5073946
8459994,chenbi,6308289
8459994,ywayanl,13233314
8459994,yufei,77258
8459994,ovwane,1727724
8459994,jhcloos,841039
8459994,eemailme,32309979
8459994,HENDRA123s,36679333
8566972,cdibona,165353
8566972,tarjeiv,985925
8566972,nafisto,1227046
8566972,hoshir,2748654
8566972,juliantoledo,1920764
8566972,testower,231492
8566972,sten82,930533
8566972,hifilofi,3925751
8566972,rboorgapally,933545
8566972,WittRaider,2207524
8566972,saurabhgaur,207354
8566972,tzmartin,139472
8566972,dcardosods,1270362
8566972,mitsumas,4134692
8566972,carlosfunk,907689
8566972,dgoutam,827654
8566972,totobraga,1370949
8566972,jfrabaute,100247
8566972,itminddk,5507842
8566972,bzz,5582506
8566972,evert0n,252323
8566972,SuriyaaKudoIsc,5073946
8566972,yufei,77258
8566972,yuchou,3447995
8566972,diproart,510439
8566972,adam-rocska,1914616
8566972,jhcloos,841039
8566972,eemailme,32309979
8566972,mmonsees,42393740
8566972,aadityaverma,18281542
